user_id,region,signup_date,cancel_date,plan_type
U10000,,2024-02-26,,Standard
U10001,UK,2022-02-19,,Basic
U10002,FR,2021-11-08,,Premium
U10003,JP,2022-10-03,,Premium
U10004,MX,2023-05-31,,Premium
U10005,MX,2023-02-07,2023-02-15,Standard
U10006,AU,2020-05-22,,Basic
U10007,MX,2021-11-16,,Standard
U10008,FR,2023-12-07,,Standard
U10009,IN,2022-08-04,,Basic
U10010,FR,2023-02-02,,Premium
U10011,US,2023-09-15,,Basic
U10012,IN,2020-05-25,2021-08-02,Basic
U10013,AU,2024-08-09,,Premium
U10014,AU,2022-02-24,,Premium
U10015,JP,2022-11-25,,Basic
U10016,JP,2023-10-13,,Premium
U10017,FR,2024-10-24,,Basic
U10018,DE,2021-03-02,,Basic
U10019,US,2020-10-06,,Premium
U10020,JP,2022-07-26,,Premium
U10021,IN,2024-08-04,,Premium
U10022,BR,2021-11-02,,Premium
U10023,FR,2024-03-16,,Standard
U10024,JP,2021-03-12,,Premium
U10025,US,2020-09-29,,Basic
U10026,CA,2021-07-18,,basic
U10027,MX,2020-07-24,,Standard
U10028,CA,2023-05-17,2024-11-03,Basic
U10029,MX,2023-07-04,,Basic
U10030,FR,2020-10-22,,Basic
U10031,BR,2022-10-19,2025-01-07,Premium
U10032,BR,2024-11-22,,Premium
U10033,IN,2023-02-18,,Premium
U10034,US,2022-12-21,2024-07-02,Premium
U10035,FR,2021-01-31,,Standard
U10036,AU,2023-01-22,,Premium
U10037,MX,2024-02-21,,Standard
U10038,BR,2024-12-21,,Basic
U10039,AU,2021-05-29,2021-08-06,Standard
U10040,,2020-03-22,,Standard
U10041,JP,2023-12-14,2024-07-03,Basic
U10042,UK,2021-11-23,,Standard
U10043,CA,2020-10-22,2020-12-16,Premium
U10044,UK,2023-09-09,,Basic
U10045,UK,2023-01-31,,Premium
U10046,AU,2024-04-16,,Standard
U10047,CA,2021-05-27,,Basic
U10048,BR,2020-01-23,,Standard
U10049,UK,2022-02-07,,Standard
U10050,UK,2020-07-14,,Premium
U10051,AU,2023-05-19,,Premium
U10052,UK,2022-06-11,,Standard
U10053,IN,2021-05-29,2025-01-25,Basic
U10054,UK,2023-09-07,,Standard
U10055,DE,2023-12-24,,Premium
U10056,BR,2023-02-20,,Premium
U10057,JP,2024-10-15,,Basic
U10058,DE,2021-07-17,2023-01-11,Premium
U10059,CA,2021-12-16,,Premium
U10060,UK,2024-08-18,,Premium
U10061,CA,2021-08-01,,Premium
U10062,IN,2022-09-05,,Premium
U10063,UK,2023-10-03,,Basic
U10064,CA,2024-04-15,2024-11-25,Standard
U10065,,2022-03-09,,Standard
U10066,MX,2022-04-25,,Basic
U10067,CA,2022-12-12,,Standard
U10068,DE,2020-02-06,,Basic
U10069,CA,2023-07-05,,Basic
U10070,MX,2021-12-14,,Basic
U10071,JP,2021-08-15,,Standard
U10072,BR,2024-07-07,,Basic
U10073,MX,2022-09-20,,Basic
U10074,US,2023-09-18,,Premium
U10075,DE,2024-09-15,,Standard
U10076,JP,2024-12-12,,basic
U10077,FR,2020-06-26,,basic
U10078,IN,2020-05-17,,Standard
U10079,DE,2020-02-27,2023-11-26,Basic
U10080,BR,2022-06-01,,Basic
U10081,MX,2023-03-27,2023-05-24,Standard
U10082,CA,2020-11-22,,Standard
U10083,JP,2023-01-18,2024-10-01,Premium
U10084,AU,2024-09-19,,Premium
U10085,FR,2022-11-12,2024-03-15,Premium
U10086,DE,2022-09-28,,Basic
U10087,DE,2020-09-17,2020-10-21,Standard
U10088,BR,2021-01-18,,Basic
U10089,IN,2021-07-13,,Basic
U10090,DE,2022-05-28,,Basic
U10091,AU,2020-07-20,2024-08-03,Basic
U10092,MX,2021-09-28,2022-05-28,Basic
U10093,US,2023-01-13,,Standard
U10094,BR,2023-08-09,2024-05-31,Premium
U10095,AU,2022-08-24,,Standard
U10096,CA,2021-12-05,,Basic
U10097,JP,2021-02-22,2021-04-23,Premium
U10098,JP,2022-08-10,2023-12-19,Premium
U10099,FR,2023-10-18,,Premium
U10100,IN,2024-04-28,2024-11-30,Premium
U10101,US,2023-04-20,,Premium
U10102,IN,2022-04-28,2022-12-21,Premium
U10103,FR,2021-09-01,,standard
U10104,JP,2021-09-18,,Premium
U10105,FR,2021-09-03,,Standard
U10106,UK,2020-04-22,,Premium
U10107,FR,2022-05-11,2024-12-06,Basic
U10108,IN,2020-02-18,,Premium
U10109,US,2020-12-08,2022-07-29,Standard
U10110,FR,2020-09-17,,Premium
U10111,JP,2023-11-19,,Standard
U10112,CA,2021-11-27,,Premium
U10113,IN,2022-06-27,,Standard
U10114,MX,2021-01-07,,Standard
U10115,BR,2023-08-14,,Standard
U10116,JP,2021-05-14,2024-01-05,Basic
U10117,UK,2023-09-30,2024-10-20,Premium
U10118,CA,2024-10-08,,Premium
U10119,DE,2023-11-21,,Premium
U10120,UK,2021-06-15,,Premium
U10121,US,2023-02-06,2024-05-01,Basic
U10122,FR,2021-11-13,,Standard
U10123,UK,2024-05-08,,Premium
U10124,MX,2023-03-14,,Premium
U10125,UK,2021-05-08,2023-10-02,Premium
U10126,MX,2024-03-13,,Basic
U10127,US,2024-02-20,,Premium
U10128,US,2020-04-01,,Premium
U10129,BR,2020-11-07,,Premium
U10130,AU,2022-12-26,,Basic
U10131,CA,2023-06-29,,Standard
U10132,AU,2023-04-16,,Standard
U10133,UK,2023-08-16,,Basic
U10134,US,2021-09-17,,Premium
U10135,DE,2021-04-07,,Standard
U10136,US,2024-09-02,,Premium
U10137,UK,2021-02-11,,Premium
U10138,CA,2024-06-30,,Basic
U10139,JP,2023-08-10,,Standard
U10140,BR,2021-01-30,,Standard
U10141,FR,2021-01-06,,Standard
U10142,BR,2024-01-15,,Standard
U10143,US,2023-12-02,,Basic
U10144,UK,2022-09-03,,Premium
U10145,UK,2024-07-31,,Basic
U10146,JP,2024-05-03,,Standard
U10147,CA,2022-07-04,,Basic
U10148,AU,2022-12-26,,Premium
U10149,CA,2024-10-02,,Basic
U10150,IN,2024-02-22,,Premium
U10151,CA,2020-09-28,,Premium
U10152,AU,2023-04-01,,Basic
U10153,JP,2023-02-22,2024-03-20,standard
U10154,IN,2020-10-02,2021-04-20,Basic
U10155,MX,2020-05-20,,Standard
U10156,MX,2022-04-11,2023-03-26,Premium
U10157,US,2020-10-12,,Basic
U10158,AU,2020-05-10,,Standard
U10159,CA,2024-07-12,,Basic
U10160,CA,2024-09-22,2024-11-25,Premium
U10161,CA,2021-11-04,2023-08-25,Basic
U10162,US,2022-01-23,,Premium
U10163,IN,2024-12-17,2024-12-22,Basic
U10164,AU,2020-12-14,,Standard
U10165,US,2021-11-21,,Standard
U10166,FR,2024-06-21,,Standard
U10167,DE,2021-12-29,,Standard
U10168,FR,2021-10-13,,Premium
U10169,UK,2021-05-07,2024-01-04,Standard
U10170,DE,2023-03-07,2023-11-10,Premium
U10171,CA,2024-10-23,,Basic
U10172,MX,2023-12-20,,Premium
U10173,DE,2021-08-20,,Standard
U10174,JP,2024-05-26,,Premium
U10175,FR,2024-12-24,2025-01-16,Basic
U10176,UK,2021-01-04,,Standard
U10177,BR,2023-07-09,,Standard
U10178,BR,2021-09-14,,Premium
U10179,CA,2021-01-25,,Basic
U10180,MX,2021-08-09,,Standard
U10181,AU,2021-10-06,,Basic
U10182,CA,2022-04-24,,Premium
U10183,FR,2022-04-29,,Standard
U10184,IN,2020-02-24,,Standard
U10185,DE,2022-09-02,2024-03-29,Premium
U10186,BR,2023-09-12,2024-11-01,Basic
U10187,US,2022-06-19,,Standard
U10188,CA,2022-05-12,,Premium
U10189,IN,2020-01-30,,Premium
U10190,JP,2021-01-19,2024-12-25,Standard
U10191,FR,2020-07-03,,Standard
U10192,,2020-07-20,,Basic
U10193,CA,2022-10-10,,Standard
U10194,AU,2021-11-15,,Standard
U10195,CA,2020-07-03,,Premium
U10196,JP,2022-05-08,,Basic
U10197,UK,2022-05-07,,Standard
U10198,AU,2024-02-02,2024-04-19,Basic
U10199,US,2024-07-17,,Premium
U10200,DE,2020-09-26,,Premium
U10201,FR,2022-08-12,,Premium
U10202,DE,2020-03-07,,Standard
U10203,UK,2023-07-24,,Premium
U10204,IN,2021-07-25,,Premium
U10205,IN,2020-03-17,,Basic
U10206,US,2022-04-12,,Premium
U10207,MX,2022-12-06,,Basic
U10208,CA,2020-04-13,,Premium
U10209,MX,2021-03-16,2022-04-06,Standard
U10210,FR,2024-04-18,,Premium
U10211,MX,2022-07-08,,Premium
U10212,US,2024-03-31,,Standard
U10213,IN,2022-01-19,,Premium
U10214,AU,2023-03-31,,Standard
U10215,MX,2024-02-13,,Premium
U10216,UK,2020-01-04,,Basic
U10217,FR,2023-04-17,,Premium
U10218,IN,2024-11-09,,Standard
U10219,JP,2024-08-28,2024-12-19,Basic
U10220,DE,2020-05-01,,Standard
U10221,JP,2024-11-15,,Premium
U10222,DE,2022-06-25,,Premium
U10223,UK,2020-08-29,,Standard
U10224,JP,2020-01-24,,Premium
U10225,IN,2023-07-05,,Premium
U10226,BR,2020-10-26,,Premium
U10227,UK,2022-05-07,,Standard
U10228,,2024-12-11,,Premium
U10229,MX,2023-07-25,,Standard
U10230,FR,2023-07-14,,Basic
U10231,DE,2020-06-07,2022-11-19,Basic
U10232,DE,2024-11-24,,Premium
U10233,BR,2024-12-30,,Premium
U10234,DE,2021-09-19,,Premium
U10235,JP,2021-06-01,,Basic
U10236,AU,2023-01-14,2023-02-03,Premium
U10237,AU,2022-12-24,,Basic
U10238,FR,2021-08-16,,Premium
U10239,MX,2020-02-19,2022-05-29,Premium
U10240,DE,2022-11-11,,Basic
U10241,JP,2024-04-20,,Premium
U10242,DE,2023-02-12,,Basic
U10243,JP,2024-06-02,,Basic
U10244,US,2021-01-01,,Basic
U10245,IN,2020-08-15,2022-07-02,Basic
U10246,BR,2022-05-07,,standard
U10247,JP,2024-07-26,2024-12-17,Premium
U10248,AU,2023-02-28,,Basic
U10249,FR,2021-06-29,,Standard
U10250,JP,2022-09-18,,Standard
U10251,US,2021-04-04,,Premium
U10252,JP,2023-07-26,2024-05-05,Premium
U10253,CA,2022-03-15,2022-11-28,Standard
U10254,FR,2024-02-08,,Standard
U10255,AU,2022-06-19,,Premium
U10256,UK,2021-06-24,,Premium
U10257,JP,2023-04-27,,Standard
U10258,UK,2021-08-31,,standard
U10259,FR,2021-03-05,,Premium
U10260,UK,2024-04-05,2024-06-06,Premium
U10261,,2024-02-09,,Standard
U10262,CA,2022-06-26,,Standard
U10263,FR,2022-03-14,,Standard
U10264,FR,2021-09-18,,Premium
U10265,IN,2023-11-02,,Premium
U10266,DE,2022-08-27,,Basic
U10267,DE,2022-08-20,2024-12-09,Basic
U10268,AU,2021-07-30,2022-11-28,Standard
U10269,FR,2022-01-03,,Premium
U10270,CA,2024-08-19,,Premium
U10271,DE,2020-12-04,,Basic
U10272,CA,2023-12-23,,Basic
U10273,CA,2021-04-30,2023-03-30,Premium
U10274,AU,2022-06-17,2023-12-01,Premium
U10275,DE,2024-08-02,2024-08-21,Basic
U10276,BR,2021-09-19,,Premium
U10277,JP,2020-06-17,,Standard
U10278,FR,2023-03-10,2023-07-09,Standard
U10279,US,2021-01-26,,Standard
U10280,FR,2022-06-13,,Standard
U10281,MX,2022-10-21,,Standard
U10282,JP,2022-05-16,,Standard
U10283,AU,2022-09-16,2022-10-11,Premium
U10284,IN,2021-06-09,,basic
U10285,UK,2022-12-13,2023-04-07,Premium
U10286,DE,2024-11-07,2024-11-14,Basic
U10287,BR,2022-10-20,,Premium
U10288,,2024-06-09,,Premium
U10289,FR,2024-12-15,,Basic
U10290,UK,2022-04-12,,Standard
U10291,IN,2024-12-21,,Standard
U10292,CA,2022-05-15,,Premium
U10293,US,2021-04-20,,Premium
U10294,US,2022-04-21,2022-06-09,Basic
U10295,US,2024-03-09,,Basic
U10296,US,2023-09-07,,Standard
U10297,JP,2020-10-15,2024-05-29,Premium
U10298,FR,2024-11-22,,Premium
U10299,CA,2020-08-27,,Standard
U10300,US,2022-01-31,,Basic
U10301,FR,2024-07-12,,Standard
U10302,CA,2024-02-23,,Premium
U10303,MX,2024-04-01,,Standard
U10304,,2022-12-15,,Basic
U10305,DE,2023-03-11,,Basic
U10306,CA,2020-08-11,,Standard
U10307,FR,2022-01-24,,Premium
U10308,AU,2022-08-22,2023-07-18,Standard
U10309,IN,2021-04-23,2023-05-25,Basic
U10310,AU,2024-08-21,,Basic
U10311,DE,2021-04-30,2024-03-17,Premium
U10312,MX,2021-03-29,,Basic
U10313,JP,2021-02-04,,Standard
U10314,FR,2021-07-09,,Premium
U10315,FR,2023-03-29,,Premium
U10316,,2022-06-26,,Premium
U10317,MX,2021-09-30,,Premium
U10318,FR,2024-03-20,,Premium
U10319,FR,2021-04-01,,Basic
U10320,FR,2024-01-30,,Basic
U10321,AU,2021-10-21,2023-11-22,Standard
U10322,UK,2021-02-26,,Premium
U10323,FR,2023-11-17,,Premium
U10324,UK,2020-10-21,,Standard
U10325,AU,2024-07-02,,Premium
U10326,FR,2023-01-14,2024-11-27,Basic
U10327,BR,2022-09-06,2024-01-18,Premium
U10328,JP,2024-10-20,2025-01-08,Standard
U10329,UK,2021-05-19,2023-05-25,Premium
U10330,BR,2024-11-20,,Basic
U10331,AU,2024-02-02,,Basic
U10332,,2020-02-07,,Standard
U10333,MX,2024-04-14,,Premium
U10334,AU,2023-07-05,,Premium
U10335,FR,2022-07-18,,Premium
U10336,IN,2022-07-16,,Standard
U10337,UK,2024-11-10,,Basic
U10338,FR,2022-07-20,2024-04-30,Premium
U10339,AU,2021-09-24,2024-07-26,Premium
U10340,IN,2021-07-22,,Basic
U10341,IN,2023-01-11,,Basic
U10342,UK,2021-08-26,,Premium
U10343,MX,2023-02-20,,Standard
U10344,AU,2024-02-22,,Premium
U10345,DE,2022-09-10,2024-11-09,Basic
U10346,UK,2021-08-22,,Standard
U10347,MX,2022-11-08,2023-09-25,Standard
U10348,CA,2020-06-02,2024-03-11,Premium
U10349,AU,2023-08-22,,Premium
U10350,US,2020-02-10,,Basic
U10351,AU,2024-04-13,,Basic
U10352,AU,2023-07-03,,Standard
U10353,MX,2023-01-31,,Premium
U10354,AU,2020-01-06,,Premium
U10355,IN,2021-09-07,,Basic
U10356,US,2024-02-14,,Premium
U10357,AU,2021-04-20,2021-12-02,Premium
U10358,JP,2021-07-25,2023-09-17,Basic
U10359,DE,2021-07-24,,Basic
U10360,AU,2022-10-28,2023-09-07,Standard
U10361,UK,2021-12-21,2024-05-12,Premium
U10362,MX,2024-05-07,,Premium
U10363,BR,2021-11-11,,premium
U10364,DE,2023-08-22,,Premium
U10365,BR,2021-09-26,2022-11-16,Basic
U10366,MX,2022-12-25,2023-11-19,Basic
U10367,BR,2020-09-24,,Basic
U10368,UK,2022-01-13,,Standard
U10369,MX,2021-04-18,,Basic
U10370,CA,2021-04-04,,Basic
U10371,US,2024-01-22,,Standard
U10372,AU,2021-09-13,,Basic
U10373,CA,2021-10-29,,Premium
U10374,JP,2023-07-25,2024-12-23,Premium
U10375,UK,2023-05-22,2024-02-28,basic
U10376,DE,2020-06-06,2020-09-29,Standard
U10377,IN,2020-01-06,,Basic
U10378,DE,2022-03-12,,Basic
U10379,BR,2020-03-05,2023-01-31,Premium
U10380,US,2023-12-04,2024-11-17,Basic
U10381,MX,2023-11-15,,Standard
U10382,MX,2020-02-16,,Basic
U10383,JP,2021-11-13,,Basic
U10384,IN,2020-06-27,,basic
U10385,JP,2020-07-24,,Basic
U10386,MX,2021-10-01,,standard
U10387,DE,2024-09-05,,Premium
U10388,JP,2022-10-10,,Basic
U10389,FR,2021-12-29,,Basic
U10390,FR,2024-05-19,2024-11-05,Standard
U10391,AU,2023-01-21,2024-06-27,Premium
U10392,,2022-09-23,,Basic
U10393,JP,2022-11-24,,Basic
U10394,MX,2020-05-04,,Premium
U10395,DE,2021-12-25,,Premium
U10396,DE,2024-03-27,,Standard
U10397,MX,2024-07-18,,Standard
U10398,MX,2023-10-05,,Basic
U10399,BR,2020-04-14,,Basic
U10400,JP,2022-07-15,,Standard
U10401,BR,2022-08-13,,Basic
U10402,IN,2020-01-18,2022-04-20,Premium
U10403,JP,2023-06-18,,Standard
U10404,JP,2020-11-08,,Basic
U10405,AU,2023-10-04,2024-04-15,basic
U10406,MX,2024-02-18,,Basic
U10407,FR,2022-08-28,,Standard
U10408,IN,2020-12-31,,Premium
U10409,MX,2024-03-13,,Premium
U10410,CA,2023-05-15,,Basic
U10411,FR,2023-04-18,,Premium
U10412,MX,2022-11-26,,Premium
U10413,US,2023-03-09,,Premium
U10414,MX,2022-10-26,,Premium
U10415,IN,2024-11-16,,Premium
U10416,AU,2024-08-14,,Premium
U10417,UK,2022-08-08,,Standard
U10418,MX,2023-12-14,,Premium
U10419,UK,2021-12-02,,Standard
U10420,AU,2022-06-10,,Standard
U10421,DE,2023-05-17,,Premium
U10422,IN,2024-01-07,,Premium
U10423,BR,2023-06-13,,Standard
U10424,US,2024-08-25,,premium
U10425,IN,2024-09-18,,Premium
U10426,IN,2023-08-22,,Standard
U10427,JP,2020-05-02,,Standard
U10428,MX,2020-05-02,2023-03-13,Basic
U10429,CA,2021-02-05,,Standard
U10430,BR,2021-03-21,,Premium
U10431,US,2020-10-12,,Basic
U10432,BR,2020-07-31,,Standard
U10433,IN,2021-02-12,,Basic
U10434,JP,2020-06-19,,Premium
U10435,JP,2022-08-12,,Premium
U10436,IN,2020-10-09,,Basic
U10437,IN,2024-08-18,,Premium
U10438,IN,2024-04-30,2024-09-28,Standard
U10439,MX,2022-10-17,,Basic
U10440,JP,2021-04-09,,Premium
U10441,,2022-03-15,,Basic
U10442,IN,2024-05-21,,Basic
U10443,BR,2024-01-02,,Standard
U10444,BR,2024-04-30,,Basic
U10445,,2020-02-18,,Basic
U10446,DE,2020-05-31,,Premium
U10447,DE,2024-06-08,2024-11-26,Basic
U10448,UK,2021-11-29,,Basic
U10449,DE,2024-04-03,,Standard
U10450,JP,2021-06-08,,Premium
U10451,JP,2023-03-20,2023-08-04,Premium
U10452,UK,2021-07-01,2021-09-08,Premium
U10453,DE,2023-10-01,,Standard
U10454,DE,2021-10-09,2023-08-11,Standard
U10455,AU,2021-06-29,,Standard
U10456,JP,2021-03-19,,Premium
U10457,IN,2022-04-13,,Premium
U10458,DE,2021-08-06,2022-11-13,Standard
U10459,IN,2021-10-07,,Basic
U10460,BR,2020-06-18,,Premium
U10461,MX,2022-12-19,,Basic
U10462,CA,2023-06-28,,Standard
U10463,FR,2024-01-05,,Standard
U10464,US,2021-10-29,,Premium
U10465,FR,2023-01-12,,Premium
U10466,BR,2022-10-19,,Standard
U10467,FR,2022-11-28,,Premium
U10468,MX,2021-05-17,,Premium
U10469,BR,2020-04-19,2021-05-21,Standard
U10470,BR,2021-10-27,,Standard
U10471,JP,2023-02-22,,Standard
U10472,US,2023-04-29,,Standard
U10473,IN,2021-10-02,2023-09-10,Basic
U10474,BR,2022-06-16,,Standard
U10475,FR,2020-11-17,,Standard
U10476,MX,2020-03-18,,Standard
U10477,CA,2020-09-28,2022-06-22,Premium
U10478,FR,2020-06-17,2023-11-24,Standard
U10479,BR,2021-07-01,,Premium
U10480,IN,2023-03-11,,Premium
U10481,IN,2022-11-27,,Standard
U10482,DE,2023-07-02,,Premium
U10483,US,2021-08-07,,Premium
U10484,MX,2020-04-04,,Standard
U10485,JP,2020-09-07,,Basic
U10486,,2022-10-27,,Basic
U10487,AU,2023-12-18,,Basic
U10488,US,2022-10-05,,Basic
U10489,CA,2023-09-17,,Standard
U10490,US,2024-06-16,,Standard
U10491,AU,2024-10-12,,Premium
U10492,US,2021-06-05,,Basic
U10493,CA,2024-11-16,,Premium
U10494,US,2022-10-10,,Basic
U10495,UK,2023-02-27,,Standard
U10496,IN,2021-11-14,,Basic
U10497,FR,2020-03-09,,Standard
U10498,,2020-12-19,,Premium
U10499,DE,2020-07-20,,Premium
U10500,FR,2020-11-19,2021-07-04,Standard
U10501,BR,2021-03-14,2023-02-15,Standard
U10502,US,2023-06-21,2023-09-13,Standard
U10503,FR,2023-08-05,,premium
U10504,IN,2023-01-27,2023-06-09,Standard
U10505,MX,2023-10-01,,Standard
U10506,FR,2023-10-07,,Basic
U10507,AU,2020-10-30,,Basic
U10508,BR,2020-10-04,,Basic
U10509,IN,2021-09-09,,Premium
U10510,FR,2020-06-11,,Basic
U10511,JP,2020-03-30,,Standard
U10512,IN,2022-10-05,,Premium
U10513,DE,2021-03-02,,Standard
U10514,IN,2020-11-20,,Premium
U10515,BR,2024-10-11,,premium
U10516,FR,2022-02-09,2024-10-08,Premium
U10517,IN,2023-06-02,,Basic
U10518,UK,2020-05-05,,Basic
U10519,AU,2020-09-11,,Standard
U10520,UK,2024-09-04,,Basic
U10521,CA,2022-12-10,,Premium
U10522,MX,2020-04-12,,Basic
U10523,AU,2020-09-08,,Basic
U10524,IN,2023-02-12,2024-05-25,Premium
U10525,JP,2020-05-21,,standard
U10526,AU,2024-11-24,,Premium
U10527,CA,2020-08-28,,Standard
U10528,FR,2021-07-01,,Basic
U10529,MX,2020-04-29,,Standard
U10530,IN,2020-06-13,,Premium
U10531,IN,2023-08-28,,Basic
U10532,US,2020-11-27,,Basic
U10533,FR,2023-07-27,,Premium
U10534,JP,2020-02-23,,Standard
U10535,BR,2020-01-23,2023-05-03,Premium
U10536,FR,2024-11-07,,Basic
U10537,DE,2024-09-14,,Premium
U10538,,2020-12-02,,Standard
U10539,US,2021-01-27,,Basic
U10540,US,2024-12-25,,Premium
U10541,JP,2022-07-08,,Premium
U10542,UK,2024-08-21,,Basic
U10543,CA,2021-01-02,,Standard
U10544,BR,2023-08-12,,Premium
U10545,MX,2024-09-09,,Standard
U10546,,2023-10-25,,Standard
U10547,UK,2021-06-04,,Basic
U10548,IN,2023-12-26,,Premium
U10549,MX,2020-03-13,,Standard
U10550,IN,2020-10-25,2023-04-06,Standard
U10551,FR,2023-10-21,,Premium
U10552,BR,2021-07-25,2022-11-24,Basic
U10553,US,2021-09-09,,Standard
U10554,MX,2024-09-29,,Basic
U10555,UK,2020-11-09,,standard
U10556,BR,2023-03-31,,Standard
U10557,DE,2022-08-18,,Standard
U10558,FR,2021-03-13,,Premium
U10559,CA,2022-06-25,,Standard
U10560,MX,2024-10-18,,Basic
U10561,UK,2023-06-16,,Standard
U10562,IN,2022-11-28,,Basic
U10563,FR,2023-11-27,,Premium
U10564,MX,2020-12-22,,Premium
U10565,BR,2021-12-21,2022-08-01,Basic
U10566,US,2021-04-23,,Standard
U10567,US,2021-01-06,,Standard
U10568,AU,2021-02-14,,Basic
U10569,AU,2022-05-17,,Standard
U10570,US,2020-06-06,2024-12-24,Standard
U10571,JP,2024-02-08,,Standard
U10572,FR,2023-11-27,,Standard
U10573,AU,2021-03-24,2024-06-13,Basic
U10574,CA,2020-05-30,,Premium
U10575,AU,2024-11-30,2024-12-07,Basic
U10576,DE,2024-10-19,,Premium
U10577,DE,2024-03-26,,Basic
U10578,UK,2021-02-12,2023-11-25,Basic
U10579,IN,2022-01-31,,Standard
U10580,MX,2021-10-06,,Basic
U10581,US,2021-08-16,2024-04-11,Premium
U10582,BR,2024-12-15,2025-01-10,Basic
U10583,IN,2020-12-05,,Standard
U10584,US,2022-09-01,,Standard
U10585,FR,2022-04-08,2023-12-13,Standard
U10586,AU,2022-12-27,,Standard
U10587,IN,2020-01-02,,Standard
U10588,IN,2024-03-03,,Premium
U10589,JP,2024-02-16,,Standard
U10590,AU,2022-10-20,2025-01-24,Premium
U10591,MX,2023-04-03,,Standard
U10592,IN,2020-06-17,,standard
U10593,IN,2020-07-16,,Standard
U10594,CA,2024-09-12,2024-11-12,Premium
U10595,US,2021-02-03,,Premium
U10596,UK,2024-05-23,,Basic
U10597,BR,2020-01-10,,Premium
U10598,FR,2024-09-14,,Premium
U10599,CA,2024-01-28,,Standard
U10600,IN,2022-08-12,2022-09-15,Premium
U10601,JP,2021-04-14,,Standard
U10602,DE,2023-10-10,,Premium
U10603,CA,2024-06-28,,Premium
U10604,JP,2022-11-27,,Standard
U10605,AU,2020-01-20,,Basic
U10606,JP,2022-07-02,,Standard
U10607,US,2024-10-21,,Premium
U10608,FR,2022-05-13,,Standard
U10609,,2022-09-19,,Premium
U10610,UK,2020-03-02,,Standard
U10611,IN,2020-10-26,,Basic
U10612,AU,2022-05-22,,Basic
U10613,AU,2024-01-19,,Premium
U10614,FR,2020-03-12,,Standard
U10615,AU,2021-07-13,2022-01-22,Standard
U10616,IN,2020-06-20,,Standard
U10617,FR,2022-01-13,2023-08-28,Basic
U10618,DE,2021-03-29,,Basic
U10619,IN,2020-04-10,,Premium
U10620,JP,2023-12-20,,Basic
U10621,JP,2021-11-17,,Basic
U10622,CA,2021-12-29,,Premium
U10623,BR,2022-10-01,,Standard
U10624,JP,2020-06-14,2022-06-13,Premium
U10625,BR,2023-03-01,,Basic
U10626,JP,2024-08-01,,Premium
U10627,MX,2023-09-29,,Standard
U10628,UK,2021-06-07,2022-04-29,Basic
U10629,MX,2023-03-28,,Standard
U10630,CA,2023-09-09,,Premium
U10631,DE,2022-11-10,,Standard
U10632,CA,2023-04-28,,Basic
U10633,IN,2021-05-10,,Premium
U10634,UK,2022-07-20,,Premium
U10635,BR,2024-08-02,,Standard
U10636,US,2021-07-10,,Standard
U10637,CA,2023-05-01,,Standard
U10638,US,2022-08-01,,Premium
U10639,BR,2024-12-11,,Premium
U10640,UK,2024-02-26,,Basic
U10641,JP,2021-02-12,,Basic
U10642,CA,2024-11-19,,Standard
U10643,DE,2022-02-21,,Standard
U10644,MX,2020-11-27,,Standard
U10645,CA,2021-03-23,,Premium
U10646,US,2024-02-10,,Standard
U10647,AU,2021-07-18,2024-10-03,Basic
U10648,MX,2020-04-17,2022-08-09,Standard
U10649,CA,2020-07-15,,Premium
U10650,MX,2023-05-24,,Premium
U10651,DE,2020-01-14,,Premium
U10652,IN,2020-12-21,,Standard
U10653,IN,2024-04-27,,Standard
U10654,UK,2020-11-21,,Standard
U10655,FR,2020-04-09,,Standard
U10656,CA,2021-01-19,,Standard
U10657,FR,2023-10-20,,Standard
U10658,US,2020-06-20,,Standard
U10659,MX,2021-04-30,,Basic
U10660,CA,2021-01-04,,Standard
U10661,,2021-12-24,,Basic
U10662,BR,2024-04-11,2024-05-24,Basic
U10663,AU,2023-01-10,,Standard
U10664,AU,2021-08-11,2021-10-18,Basic
U10665,IN,2022-09-29,2023-05-03,Standard
U10666,US,2022-02-07,,Premium
U10667,AU,2022-12-11,2023-02-10,Basic
U10668,US,2022-10-18,,Standard
U10669,AU,2024-03-27,,Basic
U10670,US,2020-09-27,,Standard
U10671,FR,2022-02-08,,Basic
U10672,UK,2022-02-26,,Standard
U10673,DE,2021-07-20,2022-04-20,Standard
U10674,,2020-09-26,,Premium
U10675,JP,2021-05-15,,Basic
U10676,FR,2022-09-07,2025-01-17,Premium
U10677,UK,2022-07-06,,Basic
U10678,BR,2024-06-07,,Standard
U10679,DE,2020-07-17,,Standard
U10680,UK,2022-10-05,,Premium
U10681,JP,2023-03-14,,Premium
U10682,US,2024-11-01,,Premium
U10683,CA,2021-04-08,,Basic
U10684,,2021-11-01,,Premium
U10685,FR,2023-09-04,,Premium
U10686,AU,2023-06-17,,Standard
U10687,IN,2021-01-19,,Basic
U10688,AU,2023-01-18,2023-03-17,Standard
U10689,CA,2021-01-13,,Standard
U10690,CA,2022-03-27,2022-10-23,Basic
U10691,US,2024-03-05,,Standard
U10692,BR,2020-02-14,,Basic
U10693,JP,2020-04-16,2020-05-26,Standard
U10694,BR,2022-01-16,,Standard
U10695,BR,2021-04-27,2024-09-28,Premium
U10696,MX,2020-11-09,,Standard
U10697,AU,2020-03-15,,Standard
U10698,IN,2022-03-01,,Basic
U10699,CA,2023-08-26,,Standard
U10700,BR,2023-07-30,,Standard
U10701,DE,2022-05-27,,Basic
U10702,AU,2024-02-20,,Premium
U10703,DE,2020-05-08,,Standard
U10704,UK,2023-01-28,2024-12-20,Basic
U10705,DE,2021-12-28,,Standard
U10706,FR,2023-11-29,,Basic
U10707,IN,2023-03-30,2023-04-04,Premium
U10708,FR,2024-07-21,2025-01-25,Standard
U10709,IN,2023-09-29,2024-11-06,Premium
U10710,FR,2021-02-05,,Standard
U10711,CA,2024-05-28,,Basic
U10712,AU,2021-02-17,,Basic
U10713,,2024-12-03,,Basic
U10714,BR,2020-05-16,,Standard
U10715,MX,2022-08-02,2023-09-16,Premium
U10716,FR,2021-10-04,,Basic
U10717,US,2024-08-26,,Premium
U10718,DE,2024-11-17,,Premium
U10719,BR,2024-10-13,,Premium
U10720,MX,2021-01-23,,Standard
U10721,BR,2023-06-06,,Premium
U10722,AU,2020-03-30,,Premium
U10723,,2021-08-11,2024-12-03,Premium
U10724,MX,2020-07-07,,Basic
U10725,JP,2021-07-16,,Standard
U10726,BR,2021-07-23,,Premium
U10727,UK,2023-06-15,2024-02-27,Premium
U10728,US,2022-04-27,,Basic
U10729,FR,2024-01-29,,Premium
U10730,IN,2023-01-18,,Standard
U10731,UK,2023-02-19,,Basic
U10732,MX,2021-05-28,,basic
U10733,JP,2021-10-05,,Basic
U10734,AU,2023-09-26,,standard
U10735,IN,2024-11-18,,Basic
U10736,JP,2020-03-25,,Premium
U10737,FR,2020-05-28,,Premium
U10738,,2022-01-27,,Standard
U10739,DE,2023-10-21,2023-11-18,Standard
U10740,MX,2022-12-28,,Basic
U10741,CA,2024-02-06,,Premium
U10742,BR,2021-08-29,,Standard
U10743,DE,2023-08-16,,Basic
U10744,UK,2023-01-18,,Basic
U10745,IN,2024-10-12,,Premium
U10746,IN,2020-02-27,,Premium
U10747,IN,2020-07-05,,Premium
U10748,AU,2022-10-16,,Basic
U10749,DE,2021-10-08,2023-04-01,Basic
U10750,AU,2024-01-15,2024-09-16,Standard
U10751,US,2022-05-19,,Basic
U10752,US,2024-11-20,,Standard
U10753,JP,2023-04-04,2023-12-22,Premium
U10754,BR,2023-07-14,,Basic
U10755,UK,2022-04-11,,Premium
U10756,UK,2022-11-16,,Premium
U10757,CA,2024-02-13,,Standard
U10758,IN,2022-02-26,,Premium
U10759,CA,2023-11-09,,Basic
U10760,BR,2020-07-30,2021-03-11,Premium
U10761,AU,2020-02-08,,basic
U10762,AU,2021-05-02,,Premium
U10763,CA,2023-08-09,,Standard
U10764,CA,2022-02-08,,Standard
U10765,CA,2021-08-16,,Standard
U10766,DE,2020-11-25,,Basic
U10767,JP,2020-01-22,,Premium
U10768,AU,2020-04-19,,Standard
U10769,FR,2023-07-10,2024-03-09,Standard
U10770,,2022-11-05,2023-12-09,basic
U10771,US,2023-07-31,,Premium
U10772,UK,2022-08-06,2023-10-30,Premium
U10773,CA,2020-09-01,,Standard
U10774,,2023-10-28,,Standard
U10775,BR,2022-01-07,,Basic
U10776,US,2020-01-28,,Premium
U10777,JP,2022-12-08,2024-07-17,Premium
U10778,DE,2024-05-09,,Basic
U10779,FR,2021-12-12,2022-06-19,Premium
U10780,BR,2021-01-22,,Standard
U10781,JP,2023-10-29,,Basic
U10782,FR,2020-07-16,,Basic
U10783,CA,2020-04-29,,Standard
U10784,BR,2024-01-25,,Basic
U10785,UK,2024-09-19,,Standard
U10786,MX,2023-09-18,,Basic
U10787,UK,2022-06-01,,Basic
U10788,DE,2021-08-02,,Premium
U10789,UK,2024-02-19,2024-06-10,Premium
U10790,US,2024-08-14,,Basic
U10791,BR,2023-03-16,,Standard
U10792,CA,2020-07-23,,Basic
U10793,BR,2023-11-13,,Standard
U10794,AU,2022-02-11,,Basic
U10795,DE,2020-08-17,2020-09-24,Standard
U10796,DE,2023-11-15,,Standard
U10797,IN,2023-10-18,,Standard
U10798,UK,2020-11-24,,Standard
U10799,JP,2024-07-12,,Standard
U10800,UK,2024-04-11,2024-10-20,Premium
U10801,US,2021-10-20,,Premium
U10802,UK,2022-08-04,,Basic
U10803,AU,2020-02-23,,Standard
U10804,AU,2022-10-17,,Standard
U10805,CA,2021-01-05,,Basic
U10806,IN,2024-01-29,,Basic
U10807,,2020-05-13,,Standard
U10808,UK,2023-04-06,,Premium
U10809,,2021-11-28,,Standard
U10810,DE,2023-05-17,,Standard
U10811,CA,2021-11-22,,Premium
U10812,DE,2020-03-06,,Basic
U10813,MX,2020-12-11,,Premium
U10814,MX,2021-10-18,,Premium
U10815,UK,2024-04-30,,Standard
U10816,MX,2020-11-21,2021-09-01,Basic
U10817,BR,2021-06-18,,Standard
U10818,JP,2024-12-13,,Basic
U10819,UK,2023-06-26,,Basic
U10820,US,2021-06-28,,standard
U10821,US,2022-10-29,2023-11-02,Premium
U10822,IN,2024-06-02,,Premium
U10823,FR,2022-12-23,,Standard
U10824,FR,2022-11-26,2023-12-16,Standard
U10825,CA,2020-12-10,,Basic
U10826,JP,2020-08-20,,Premium
U10827,DE,2022-03-27,,Standard
U10828,UK,2020-11-28,,Premium
U10829,UK,2023-06-22,,Premium
U10830,DE,2024-02-18,,Basic
U10831,FR,2020-07-09,,Standard
U10832,JP,2021-04-02,,Basic
U10833,DE,2021-01-17,,Premium
U10834,CA,2020-05-15,,Premium
U10835,FR,2022-03-18,,Basic
U10836,DE,2023-12-10,,Basic
U10837,FR,2022-01-04,,Premium
U10838,DE,2020-02-08,,Standard
U10839,MX,2023-07-24,,Basic
U10840,CA,2022-11-01,2024-01-13,Premium
U10841,JP,2023-08-07,,Premium
U10842,JP,2021-10-01,,Basic
U10843,AU,2021-02-03,,Standard
U10844,DE,2021-10-05,,Basic
U10845,CA,2022-12-13,,Standard
U10846,AU,2022-11-03,,Standard
U10847,FR,2021-04-02,,Basic
U10848,IN,2021-04-22,,Basic
U10849,CA,2020-08-12,,Basic
U10850,FR,2021-12-26,,Standard
U10851,UK,2020-06-11,,Basic
U10852,CA,2024-05-07,,Premium
U10853,BR,2020-07-28,,Premium
U10854,MX,2022-02-18,2022-11-23,Basic
U10855,DE,2024-07-23,,Basic
U10856,MX,2023-06-29,2024-04-24,Basic
U10857,IN,2022-07-13,2024-02-07,Standard
U10858,DE,2022-07-26,,basic
U10859,BR,2024-08-16,,Basic
U10860,DE,2024-03-30,,Basic
U10861,DE,2024-05-15,,Standard
U10862,UK,2024-03-20,2024-08-19,Standard
U10863,IN,2024-09-12,,Basic
U10864,IN,2022-12-08,,Premium
U10865,CA,2022-02-19,,Standard
U10866,JP,2020-05-25,2021-09-14,Standard
U10867,BR,2024-02-04,,Basic
U10868,IN,2021-12-29,,Premium
U10869,AU,2024-06-27,,Premium
U10870,IN,2021-09-23,,Premium
U10871,IN,2020-01-14,,Premium
U10872,AU,2022-07-22,,Premium
U10873,CA,2022-04-24,,Premium
U10874,FR,2022-10-30,2023-06-21,Standard
U10875,BR,2023-08-09,,Premium
U10876,CA,2020-03-19,2024-06-21,Basic
U10877,CA,2023-08-23,,Standard
U10878,MX,2020-05-24,,Basic
U10879,CA,2024-07-09,,Basic
U10880,US,2024-09-12,,Standard
U10881,CA,2022-01-30,2022-11-09,Standard
U10882,DE,2020-03-05,,Premium
U10883,DE,2023-04-07,,Premium
U10884,JP,2023-09-03,,Premium
U10885,JP,2023-04-01,2023-10-23,Standard
U10886,AU,2021-06-07,2024-12-23,Standard
U10887,DE,2024-12-13,,Standard
U10888,FR,2023-12-13,,Standard
U10889,DE,2022-07-04,2024-04-09,Standard
U10890,US,2022-05-28,,Standard
U10891,AU,2023-12-22,,Premium
U10892,MX,2021-06-20,,Standard
U10893,UK,2020-11-26,,Standard
U10894,AU,2024-08-06,,Basic
U10895,CA,2022-12-30,,Standard
U10896,UK,2024-12-08,,Standard
U10897,BR,2022-07-24,,Standard
U10898,AU,2022-10-25,2024-11-01,Premium
U10899,AU,2020-08-15,2024-10-30,Standard
U10900,US,2020-07-08,,Basic
U10901,CA,2020-03-01,2024-06-26,Standard
U10902,UK,2021-11-25,,premium
U10903,CA,2024-12-21,2024-12-27,Premium
U10904,US,2024-08-27,,Premium
U10905,US,2022-11-19,,Standard
U10906,US,2022-04-17,,Standard
U10907,DE,2020-08-17,,Standard
U10908,IN,2023-09-23,,Premium
U10909,JP,2020-12-29,,Standard
U10910,IN,2024-04-30,2025-01-26,Standard
U10911,CA,2020-07-02,,Basic
U10912,DE,2024-12-22,,Premium
U10913,US,2020-09-03,,Basic
U10914,IN,2021-04-25,,Premium
U10915,MX,2021-12-23,,Basic
U10916,FR,2022-08-27,2022-10-26,Standard
U10917,FR,2022-05-11,,Standard
U10918,CA,2020-05-11,,Standard
U10919,IN,2020-07-07,,Standard
U10920,FR,2020-03-15,,Standard
U10921,JP,2020-03-13,2024-11-03,Standard
U10922,,2020-06-12,,Standard
U10923,AU,2020-07-28,,Basic
U10924,DE,2023-05-07,2023-11-30,Premium
U10925,US,2024-06-01,,Standard
U10926,AU,2023-08-26,,Basic
U10927,,2024-10-27,,Standard
U10928,MX,2024-11-20,,Premium
U10929,US,2023-09-02,,Premium
U10930,AU,2024-02-23,2024-09-03,Standard
U10931,US,2020-09-13,,Standard
U10932,BR,2022-06-05,,Basic
U10933,JP,2021-01-26,,Standard
U10934,FR,2022-11-21,,Basic
U10935,IN,2024-08-22,2024-09-03,Premium
U10936,MX,2023-05-10,2025-01-31,Standard
U10937,CA,2022-12-11,,Basic
U10938,MX,2020-07-16,,Basic
U10939,IN,2023-08-23,,Basic
U10940,IN,2021-08-25,,Standard
U10941,UK,2021-10-15,,Premium
U10942,,2021-05-29,2024-03-21,Premium
U10943,UK,2023-12-13,,Standard
U10944,FR,2023-08-04,,Standard
U10945,IN,2024-04-02,,Basic
U10946,JP,2024-06-21,2024-07-14,Premium
U10947,US,2023-05-21,,Basic
U10948,,2024-06-16,,Standard
U10949,JP,2023-01-02,,Standard
U10950,CA,2023-02-26,,Basic
U10951,DE,2022-07-18,2023-03-05,Premium
U10952,US,2020-05-23,,Premium
U10953,DE,2020-09-12,,Basic
U10954,US,2021-11-16,,Standard
U10955,BR,2021-08-31,,Premium
U10956,JP,2021-12-19,,Basic
U10957,AU,2020-02-05,,Premium
U10958,JP,2020-01-08,,Basic
U10959,DE,2022-08-08,,Premium
U10960,IN,2022-07-06,,Standard
U10961,,2023-09-29,,Basic
U10962,BR,2022-01-08,2022-07-29,Standard
U10963,CA,2022-05-29,,Basic
U10964,DE,2022-01-30,,Basic
U10965,IN,2021-12-19,,Standard
U10966,FR,2023-12-23,,Premium
U10967,,2023-10-28,2024-05-18,Premium
U10968,CA,2021-08-10,,Basic
U10969,FR,2021-07-05,,Standard
U10970,CA,2023-03-08,,Premium
U10971,JP,2024-09-20,,Premium
U10972,US,2020-05-23,,Standard
U10973,,2020-01-31,2024-07-31,Premium
U10974,FR,2024-07-08,2024-10-23,Premium
U10975,JP,2024-01-09,2024-07-02,Basic
U10976,DE,2022-05-24,,Basic
U10977,BR,2021-11-29,,Standard
U10978,DE,2023-12-29,,Premium
U10979,AU,2022-05-11,,Standard
U10980,IN,2022-04-17,,Basic
U10981,BR,2021-08-26,2023-06-28,Premium
U10982,CA,2021-05-15,,Standard
U10983,IN,2023-09-07,,Basic
U10984,AU,2020-07-19,,Premium
U10985,FR,2021-12-17,,Basic
U10986,,2020-01-22,,Basic
U10987,FR,2021-11-11,,Standard
U10988,CA,2023-09-05,,Standard
U10989,BR,2024-07-28,,Basic
U10990,AU,2022-10-23,,Premium
U10991,CA,2022-08-09,,Premium
U10992,UK,2020-11-04,,Premium
U10993,MX,2020-03-26,,Standard
U10994,DE,2024-04-08,2024-12-28,Basic
U10995,IN,2023-08-29,,Premium
U10996,CA,2022-12-10,,Basic
U10997,UK,2020-09-04,2023-03-28,Basic
U10998,UK,2024-03-17,,Standard
U10999,BR,2021-08-23,,Premium
U11000,IN,2021-05-22,2023-12-04,Basic
U11001,DE,2021-09-26,,Basic
U11002,DE,2022-01-04,,Standard
U11003,UK,2021-03-23,,Standard
U11004,FR,2020-11-29,,Basic
U11005,IN,2022-05-10,,Standard
U11006,CA,2023-05-26,,Standard
U11007,CA,2022-02-02,,Standard
U11008,MX,2024-04-21,,Premium
U11009,DE,2023-09-04,,Basic
U11010,IN,2020-02-14,,Standard
U11011,DE,2023-03-23,,Basic
U11012,CA,2021-10-19,,Standard
U11013,JP,2023-08-29,,Standard
U11014,US,2022-03-15,,Premium
U11015,JP,2020-05-20,,Basic
U11016,FR,2020-10-29,,Basic
U11017,CA,2021-02-01,,Premium
U11018,FR,2024-12-19,2024-12-23,Premium
U11019,DE,2020-06-26,,Standard
U11020,US,2023-03-30,,Basic
U11021,IN,2020-02-06,,Basic
U11022,DE,2020-09-20,2021-12-23,Standard
U11023,UK,2020-02-29,,premium
U11024,FR,2022-05-01,,Premium
U11025,DE,2020-01-12,,Basic
U11026,AU,2020-06-15,2024-06-29,Basic
U11027,JP,2020-01-04,2023-06-12,Standard
U11028,US,2020-08-29,2024-09-02,Basic
U11029,DE,2023-08-29,2024-07-19,Basic
U11030,,2024-11-12,,Basic
U11031,UK,2021-06-05,,Basic
U11032,MX,2020-04-05,,Basic
U11033,DE,2024-01-03,,Premium
U11034,AU,2023-10-26,,Premium
U11035,JP,2021-04-15,2023-10-15,Standard
U11036,DE,2023-06-25,,Standard
U11037,US,2021-06-28,,Basic
U11038,US,2022-08-11,2024-12-06,Basic
U11039,AU,2021-09-07,,Premium
U11040,IN,2023-11-25,,premium
U11041,CA,2021-01-13,,Basic
U11042,IN,2024-12-11,,Basic
U11043,AU,2024-03-08,,Basic
U11044,US,2022-04-18,,Premium
U11045,MX,2021-05-14,,Premium
U11046,UK,2023-01-08,,Basic
U11047,CA,2023-04-19,,Standard
U11048,DE,2021-03-21,,Premium
U11049,BR,2020-11-22,,Premium
U11050,CA,2021-07-20,2023-10-15,Standard
U11051,JP,2022-04-26,,Premium
U11052,JP,2023-12-25,,Basic
U11053,DE,2023-03-07,,Standard
U11054,BR,2021-03-06,,Basic
U11055,,2024-08-04,,Basic
U11056,UK,2022-10-16,,Basic
U11057,JP,2021-07-08,,Premium
U11058,IN,2023-10-31,,Basic
U11059,BR,2023-04-06,,basic
U11060,UK,2022-03-27,,Standard
U11061,MX,2023-09-10,,Premium
U11062,FR,2024-05-14,,Premium
U11063,BR,2022-07-31,,Basic
U11064,IN,2022-12-03,,Premium
U11065,CA,2024-08-09,,Premium
U11066,US,2021-10-28,,Premium
U11067,CA,2021-06-22,,Premium
U11068,BR,2021-04-30,,Standard
U11069,MX,2023-12-15,2024-05-17,Standard
U11070,BR,2022-07-23,,Premium
U11071,,2024-04-24,,Standard
U11072,IN,2024-05-18,,Standard
U11073,UK,2021-02-13,,Premium
U11074,UK,2021-05-23,,Basic
U11075,JP,2020-01-22,,Standard
U11076,BR,2023-02-07,,Premium
U11077,IN,2021-12-19,2023-04-23,Basic
U11078,IN,2020-10-19,,Premium
U11079,BR,2021-06-18,,Premium
U11080,CA,2024-02-19,,Basic
U11081,US,2022-09-06,2023-07-03,Standard
U11082,US,2021-02-10,,Premium
U11083,FR,2023-12-09,,Premium
U11084,BR,2021-05-12,,Basic
U11085,UK,2021-07-03,,Standard
U11086,CA,2021-03-04,,Basic
U11087,JP,2022-11-19,,Basic
U11088,UK,2024-04-08,2024-06-25,Basic
U11089,BR,2024-08-10,,Standard
U11090,UK,2021-04-10,,Basic
U11091,BR,2022-09-16,,Standard
U11092,IN,2022-12-03,,Basic
U11093,IN,2020-05-27,,Basic
U11094,CA,2023-06-24,,Basic
U11095,AU,2024-04-20,,Standard
U11096,JP,2020-02-19,2023-10-24,Standard
U11097,AU,2020-09-24,,Standard
U11098,MX,2022-10-24,2023-04-12,Premium
U11099,CA,2024-09-29,,Premium
U11100,US,2021-05-19,,Premium
U11101,AU,2023-05-15,,Standard
U11102,AU,2024-10-29,,Standard
U11103,UK,2021-09-06,,Basic
U11104,BR,2020-03-03,,Basic
U11105,CA,2021-06-02,,Standard
U11106,AU,2020-12-04,2024-05-06,Basic
U11107,JP,2023-03-20,,Standard
U11108,JP,2022-06-20,2023-01-07,Standard
U11109,MX,2020-05-21,,Premium
U11110,IN,2021-03-13,2022-06-25,Standard
U11111,US,2024-07-07,,Standard
U11112,MX,2021-04-07,,Standard
U11113,US,2021-02-24,,Premium
U11114,CA,2021-10-10,,Basic
U11115,CA,2020-04-04,,premium
U11116,AU,2021-03-07,,Standard
U11117,MX,2023-07-27,,Basic
U11118,CA,2021-10-22,2022-08-04,Standard
U11119,DE,2022-05-02,,Basic
U11120,UK,2023-07-25,,Basic
U11121,IN,2022-02-19,,Premium
U11122,AU,2022-04-14,,Standard
U11123,FR,2023-02-01,,Standard
U11124,AU,2021-05-27,,Premium
U11125,FR,2023-06-11,,Standard
U11126,CA,2022-04-14,,Standard
U11127,FR,2022-09-14,2023-03-05,Basic
U11128,US,2022-10-05,,Premium
U11129,BR,2020-06-17,,Basic
U11130,IN,2024-09-01,2024-09-10,Basic
U11131,AU,2022-08-25,,Premium
U11132,BR,2020-09-29,,Premium
U11133,MX,2022-05-06,,Premium
U11134,UK,2024-11-07,,Premium
U11135,FR,2024-10-14,,Standard
U11136,US,2022-04-19,,Premium
U11137,UK,2024-08-26,,Premium
U11138,CA,2023-07-22,2024-08-22,Standard
U11139,JP,2023-10-02,,Premium
U11140,US,2023-10-26,,Basic
U11141,BR,2021-08-27,,basic
U11142,UK,2021-10-29,,Standard
U11143,BR,2023-04-20,,Standard
U11144,,2021-07-15,,Standard
U11145,CA,2023-07-24,,Basic
U11146,MX,2022-05-19,,Basic
U11147,FR,2024-05-09,,Basic
U11148,JP,2021-10-21,,Standard
U11149,DE,2021-08-11,2022-08-18,Premium
U11150,IN,2021-03-10,,Standard
U11151,FR,2022-05-14,,Basic
U11152,UK,2022-08-26,,Standard
U11153,UK,2021-06-06,,Basic
U11154,BR,2022-10-08,,Premium
U11155,UK,2022-04-21,,Standard
U11156,AU,2022-06-02,,Premium
U11157,UK,2020-05-11,,Premium
U11158,AU,2024-07-02,,Standard
U11159,CA,2021-05-27,,Basic
U11160,DE,2020-09-24,,Basic
U11161,AU,2021-06-15,,Basic
U11162,CA,2021-09-12,,Basic
U11163,CA,2021-11-20,,Basic
U11164,BR,2024-04-30,,Basic
U11165,AU,2024-09-29,,Basic
U11166,IN,2023-03-01,,Basic
U11167,UK,2023-03-30,,Premium
U11168,IN,2020-10-14,,Premium
U11169,AU,2024-06-05,,Premium
U11170,IN,2020-02-26,,Standard
U11171,AU,2020-10-01,,Standard
U11172,DE,2024-07-06,2024-12-22,Basic
U11173,MX,2023-09-06,,Standard
U11174,JP,2023-01-17,,Premium
U11175,FR,2020-08-30,,Standard
U11176,DE,2022-01-03,,Basic
U11177,UK,2022-03-26,,Premium
U11178,UK,2024-07-15,2024-10-08,Standard
U11179,JP,2021-07-23,,Premium
U11180,,2024-11-05,,Premium
U11181,UK,2021-10-08,,Standard
U11182,CA,2022-09-18,,Premium
U11183,MX,2020-07-20,2021-06-30,Premium
U11184,JP,2023-01-26,,Standard
U11185,US,2024-03-27,,Standard
U11186,DE,2022-05-04,2023-10-12,Basic
U11187,IN,2022-05-27,,Standard
U11188,,2020-01-16,2024-12-19,Premium
U11189,MX,2021-05-12,,Basic
U11190,JP,2020-02-20,2022-07-11,Basic
U11191,IN,2022-04-29,,Premium
U11192,FR,2023-10-20,,Premium
U11193,UK,2020-05-26,2021-05-17,Premium
U11194,UK,2022-12-17,,Standard
U11195,AU,2022-06-12,2023-03-30,Premium
U11196,JP,2021-01-08,,Standard
U11197,UK,2023-07-02,2024-08-25,Premium
U11198,UK,2024-08-07,,Standard
U11199,FR,2023-01-20,,Standard
U11200,DE,2020-01-30,,Basic
U11201,DE,2023-09-20,2024-11-18,Basic
U11202,,2021-02-12,,Premium
U11203,MX,2023-06-30,,Premium
U11204,IN,2021-02-19,,Standard
U11205,JP,2020-01-28,,Basic
U11206,IN,2024-08-30,,Standard
U11207,FR,2023-10-08,,Basic
U11208,MX,2024-06-28,,Premium
U11209,JP,2022-04-18,,Basic
U11210,UK,2023-12-29,,Basic
U11211,UK,2023-08-19,,Premium
U11212,MX,2021-03-19,,Premium
U11213,CA,2020-07-10,,Standard
U11214,US,2023-11-26,,Standard
U11215,CA,2021-03-15,,Premium
U11216,UK,2021-04-25,,standard
U11217,CA,2022-05-29,,Standard
U11218,JP,2021-07-09,,Standard
U11219,AU,2022-12-22,,Standard
U11220,CA,2021-06-17,,Basic
U11221,CA,2024-12-24,,Premium
U11222,IN,2022-03-26,,Standard
U11223,FR,2023-01-03,2023-09-01,Premium
U11224,AU,2024-04-20,2024-05-01,premium
U11225,CA,2024-11-28,,Premium
U11226,BR,2022-02-21,,Premium
U11227,DE,2023-04-02,2024-09-22,Premium
U11228,CA,2022-01-04,,Standard
U11229,UK,2024-11-28,,Premium
U11230,DE,2020-03-12,,Basic
U11231,IN,2023-08-23,2024-05-22,Standard
U11232,UK,2023-10-07,,Basic
U11233,UK,2024-06-06,2024-07-22,standard
U11234,DE,2023-04-15,,Basic
U11235,FR,2022-06-05,,Premium
U11236,UK,2021-04-05,,Premium
U11237,IN,2024-09-03,2024-11-21,Premium
U11238,BR,2021-02-28,,Standard
U11239,US,2021-05-12,,Basic
U11240,BR,2023-12-31,2024-10-24,Standard
U11241,FR,2024-01-28,,Premium
U11242,FR,2022-09-24,,Basic
U11243,MX,2020-08-14,2024-07-19,Basic
U11244,DE,2023-02-15,2024-03-11,Basic
U11245,CA,2022-11-05,2023-05-31,Premium
U11246,AU,2022-10-20,,Premium
U11247,CA,2024-10-16,,Standard
U11248,IN,2020-09-04,,Standard
U11249,CA,2021-11-12,,Basic
U11250,IN,2022-09-13,,Standard
U11251,,2020-04-01,,Premium
U11252,DE,2020-03-02,,Premium
U11253,AU,2024-06-24,,Standard
U11254,IN,2020-08-18,,Basic
U11255,FR,2023-06-01,,Standard
U11256,,2020-01-08,,Premium
U11257,UK,2024-06-25,2024-07-11,Basic
U11258,JP,2020-02-03,,Standard
U11259,US,2022-03-21,,Basic
U11260,DE,2021-01-13,,Premium
U11261,IN,2023-07-14,,Standard
U11262,MX,2023-03-31,,Basic
U11263,BR,2020-01-12,,Premium
U11264,DE,2023-10-24,,Standard
U11265,MX,2024-03-31,,Basic
U11266,AU,2021-06-07,,Premium
U11267,MX,2020-06-08,,Premium
U11268,AU,2020-08-26,,Basic
U11269,DE,2021-08-21,,Premium
U11270,US,2024-09-28,,Basic
U11271,JP,2022-04-12,,Premium
U11272,AU,2022-11-25,,Premium
U11273,MX,2023-07-22,,Standard
U11274,JP,2020-05-11,,Standard
U11275,MX,2023-06-27,,Standard
U11276,US,2022-05-15,,Standard
U11277,AU,2021-08-13,,Premium
U11278,IN,2020-06-25,,Basic
U11279,AU,2022-03-31,,Basic
U11280,FR,2024-11-28,,Standard
U11281,DE,2020-12-24,,Premium
U11282,US,2022-06-23,,Basic
U11283,MX,2022-12-04,2024-05-21,Standard
U11284,CA,2020-05-21,,Premium
U11285,AU,2022-08-03,,Premium
U11286,UK,2021-10-22,,Basic
U11287,FR,2022-01-21,,Standard
U11288,FR,2022-08-16,,Premium
U11289,CA,2021-09-09,,Premium
U11290,MX,2023-04-24,,Standard
U11291,FR,2024-01-04,,Standard
U11292,,2021-07-02,,Basic
U11293,FR,2022-04-21,2023-12-05,Standard
U11294,UK,2022-05-18,,Basic
U11295,MX,2023-03-25,,Standard
U11296,IN,2023-04-20,,Standard
U11297,FR,2023-06-08,,Basic
U11298,DE,2022-01-15,,Premium
U11299,CA,2020-07-19,,Basic
U11300,IN,2022-11-04,,Basic
U11301,,2021-07-28,,Standard
U11302,JP,2020-01-22,,Basic
U11303,MX,2020-06-10,2023-02-03,Premium
U11304,UK,2023-04-16,,Premium
U11305,FR,2024-03-22,,Basic
U11306,UK,2023-04-17,2023-05-31,Standard
U11307,FR,2021-12-30,,Premium
U11308,MX,2020-07-22,2022-06-02,Premium
U11309,AU,2023-02-15,,Premium
U11310,AU,2022-09-07,,Basic
U11311,IN,2024-09-27,,Basic
U11312,FR,2021-05-23,,Basic
U11313,UK,2021-03-28,,Basic
U11314,FR,2020-05-20,2023-11-08,Premium
U11315,BR,2020-07-27,2022-05-31,Standard
U11316,DE,2022-01-24,,Standard
U11317,IN,2021-12-04,,Premium
U11318,IN,2021-05-27,,Premium
U11319,MX,2022-02-15,2023-09-02,Basic
U11320,FR,2021-08-27,,Basic
U11321,CA,2022-08-12,,Basic
U11322,FR,2023-01-31,,Standard
U11323,IN,2021-10-30,,Standard
U11324,DE,2022-07-30,,Basic
U11325,DE,2024-07-16,,Standard
U11326,IN,2023-11-29,,Premium
U11327,US,2023-08-31,2024-10-08,Standard
U11328,US,2022-09-27,2024-06-07,Premium
U11329,FR,2022-12-12,,Premium
U11330,CA,2022-09-13,,Basic
U11331,UK,2020-07-09,,Premium
U11332,US,2024-08-23,,Standard
U11333,IN,2024-02-11,,Standard
U11334,CA,2020-09-30,2022-06-26,Premium
U11335,AU,2023-07-05,,Premium
U11336,JP,2024-09-01,,Standard
U11337,US,2022-09-11,,Standard
U11338,US,2021-10-31,,Premium
U11339,IN,2021-11-28,,Standard
U11340,,2022-10-27,,Standard
U11341,FR,2023-10-19,,Standard
U11342,JP,2020-10-27,,Basic
U11343,MX,2022-07-30,,basic
U11344,DE,2021-08-19,,Basic
U11345,FR,2024-07-02,,Premium
U11346,FR,2022-04-06,,Basic
U11347,MX,2020-11-29,,Premium
U11348,US,2024-09-15,2024-11-09,Premium
U11349,MX,2023-07-26,2023-12-20,Premium
U11350,AU,2022-08-10,2023-12-16,Premium
U11351,US,2020-07-14,2022-12-25,Standard
U11352,US,2024-08-26,,Basic
U11353,MX,2022-03-01,,Basic
U11354,BR,2024-05-15,,Premium
U11355,AU,2020-04-26,,Premium
U11356,UK,2022-11-17,,premium
U11357,MX,2021-12-18,,Premium
U11358,JP,2020-08-04,,Premium
U11359,UK,2021-10-02,,Standard
U11360,FR,2024-10-11,,Premium
U11361,FR,2024-11-09,,Premium
U11362,IN,2021-04-03,,Basic
U11363,JP,2023-11-11,2023-11-29,Basic
U11364,US,2022-02-04,,Standard
U11365,JP,2021-06-07,,Premium
U11366,DE,2024-03-06,,Basic
U11367,BR,2022-03-10,,Basic
U11368,AU,2022-04-04,,Basic
U11369,DE,2024-11-22,,Premium
U11370,AU,2023-01-22,,Premium
U11371,,2022-04-25,,Basic
U11372,AU,2020-12-14,,Premium
U11373,JP,2020-05-16,,Basic
U11374,US,2023-09-02,,Standard
U11375,UK,2022-05-30,,Basic
U11376,DE,2020-04-14,,Standard
U11377,JP,2021-12-20,,Standard
U11378,UK,2020-10-08,,Basic
U11379,CA,2023-01-04,,Basic
U11380,IN,2021-09-28,,Premium
U11381,UK,2022-06-28,,Standard
U11382,MX,2021-11-14,,Premium
U11383,DE,2021-04-05,,Standard
U11384,MX,2020-08-20,,premium
U11385,CA,2022-09-26,,Standard
U11386,MX,2021-03-06,,Premium
U11387,US,2023-09-15,,Standard
U11388,MX,2023-01-14,,Premium
U11389,UK,2021-10-27,,Basic
U11390,UK,2020-01-12,2022-02-23,Standard
U11391,UK,2024-09-20,,Premium
U11392,IN,2020-09-19,,Premium
U11393,CA,2022-01-23,,Standard
U11394,DE,2021-01-31,,Basic
U11395,MX,2020-12-25,,Basic
U11396,FR,2022-02-10,2024-12-05,Basic
U11397,US,2020-12-11,,Basic
U11398,JP,2024-05-04,,Standard
U11399,MX,2022-09-19,,Standard
U11400,DE,2022-10-21,2024-01-14,Basic
U11401,,2021-12-28,2023-09-03,Premium
U11402,BR,2020-09-15,,Basic
U11403,UK,2020-12-13,,Standard
U11404,FR,2021-08-02,,Standard
U11405,JP,2024-05-07,,Premium
U11406,IN,2020-04-04,,Premium
U11407,BR,2024-01-06,,Basic
U11408,JP,2021-12-06,,Standard
U11409,MX,2020-05-04,,Premium
U11410,DE,2022-09-22,2022-11-08,Premium
U11411,IN,2023-05-07,2023-06-14,Basic
U11412,IN,2023-11-26,,Premium
U11413,US,2021-09-12,,standard
U11414,JP,2020-06-30,,Standard
U11415,UK,2023-12-22,,Basic
U11416,CA,2021-06-05,,Standard
U11417,UK,2022-12-13,,Basic
U11418,UK,2020-03-09,2024-01-15,Basic
U11419,BR,2022-04-21,2024-06-21,basic
U11420,CA,2024-09-20,2024-10-08,Standard
U11421,US,2020-05-31,,Standard
U11422,FR,2020-01-09,,Premium
U11423,BR,2023-09-24,,Standard
U11424,FR,2022-09-21,,Premium
U11425,DE,2023-04-02,,Standard
U11426,US,2020-01-14,,Standard
U11427,CA,2021-11-21,,Basic
U11428,CA,2023-03-17,,Standard
U11429,FR,2024-12-20,,Premium
U11430,MX,2024-11-22,,Standard
U11431,BR,2023-09-27,,Basic
U11432,FR,2024-06-14,,Standard
U11433,FR,2023-05-18,,Premium
U11434,IN,2021-09-02,,Standard
U11435,CA,2020-02-07,,Premium
U11436,UK,2024-10-29,,premium
U11437,US,2024-07-21,,Basic
U11438,DE,2020-03-19,,Basic
U11439,UK,2023-01-16,2023-10-21,Premium
U11440,AU,2023-11-26,,Premium
U11441,CA,2022-07-25,,Premium
U11442,IN,2022-06-09,,Basic
U11443,,2022-01-27,,Premium
U11444,MX,2024-04-09,,Basic
U11445,JP,2021-09-10,,Premium
U11446,DE,2020-05-18,2021-01-19,Standard
U11447,JP,2022-11-01,,Premium
U11448,AU,2021-03-03,,Premium
U11449,BR,2023-11-04,,Basic
U11450,IN,2024-09-23,2025-01-30,Basic
U11451,US,2020-06-15,2024-10-06,Standard
U11452,AU,2023-10-09,,Premium
U11453,IN,2022-09-04,,Premium
U11454,DE,2020-04-15,,Premium
U11455,AU,2020-01-28,,Premium
U11456,UK,2022-09-30,,Premium
U11457,UK,2022-05-30,,Premium
U11458,MX,2022-02-19,2022-04-21,Basic
U11459,IN,2021-05-31,,Standard
U11460,IN,2024-02-24,2025-01-14,Standard
U11461,JP,2022-08-28,,Premium
U11462,BR,2020-10-05,,Standard
U11463,CA,2022-01-14,,Premium
U11464,IN,2020-04-30,,standard
U11465,UK,2021-03-06,,Basic
U11466,MX,2024-07-31,,standard
U11467,AU,2024-01-13,,Standard
U11468,FR,2021-03-09,2023-04-21,Premium
U11469,DE,2023-07-01,,Premium
U11470,FR,2020-12-15,,Standard
U11471,UK,2022-11-07,,Premium
U11472,,2024-11-17,,Premium
U11473,BR,2021-03-12,,Premium
U11474,CA,2021-10-20,,Premium
U11475,CA,2023-11-01,,Basic
U11476,AU,2020-03-21,,Premium
U11477,,2023-06-26,2024-12-30,Standard
U11478,BR,2020-12-19,,Basic
U11479,DE,2024-10-28,2024-10-29,Basic
U11480,IN,2022-03-02,2023-04-03,Basic
U11481,UK,2023-06-15,,Basic
U11482,MX,2024-08-14,,Premium
U11483,JP,2022-02-17,,Standard
U11484,FR,2022-12-21,,Standard
U11485,AU,2024-02-02,,Standard
U11486,DE,2021-01-29,,Standard
U11487,,2023-09-15,,Basic
U11488,MX,2022-10-06,2023-01-26,Premium
U11489,UK,2024-12-25,,Basic
U11490,DE,2023-10-02,,Basic
U11491,IN,2022-10-23,2023-05-28,Premium
U11492,UK,2021-06-12,,Standard
U11493,IN,2024-11-10,2025-01-17,Standard
U11494,MX,2020-07-04,,Standard
U11495,,2022-07-20,,Basic
U11496,JP,2020-11-18,,Premium
U11497,BR,2024-09-03,2024-11-08,Standard
U11498,IN,2024-08-09,2025-01-09,Basic
U11499,IN,2020-08-15,,Basic
U11500,MX,2020-08-24,,Basic
U11501,MX,2021-11-11,,Standard
U11502,UK,2020-02-08,,Premium
U11503,US,2023-06-24,,Premium
U11504,,2023-09-05,,Basic
U11505,CA,2022-11-26,,Premium
U11506,UK,2021-09-08,,Premium
U11507,BR,2020-09-21,,Premium
U11508,,2023-04-14,2023-05-03,Premium
U11509,UK,2020-02-27,2024-02-05,Basic
U11510,JP,2021-11-13,,Standard
U11511,JP,2020-07-22,2022-12-01,Basic
U11512,UK,2024-10-11,,standard
U11513,MX,2020-04-16,,Standard
U11514,DE,2024-12-29,,Standard
U11515,CA,2024-01-09,,Premium
U11516,JP,2020-01-10,,Premium
U11517,DE,2021-07-17,2022-12-09,Premium
U11518,BR,2021-01-06,,Basic
U11519,DE,2021-03-12,,Standard
U11520,UK,2021-07-17,,Basic
U11521,JP,2021-03-09,,Premium
U11522,CA,2020-09-24,,premium
U11523,AU,2024-08-18,,Basic
U11524,JP,2024-01-23,2024-02-17,Standard
U11525,BR,2020-10-16,2024-03-25,basic
U11526,UK,2021-10-16,2022-05-21,Standard
U11527,DE,2022-12-04,2025-01-25,Premium
U11528,IN,2023-09-16,,Basic
U11529,DE,2020-11-14,,Basic
U11530,CA,2022-03-09,,Basic
U11531,BR,2024-02-24,,Premium
U11532,CA,2024-09-07,2024-11-02,Premium
U11533,AU,2021-10-18,,Premium
U11534,BR,2024-02-09,2024-03-24,Standard
U11535,FR,2022-04-05,,Standard
U11536,IN,2024-05-15,,Basic
U11537,UK,2021-12-09,2023-03-18,Basic
U11538,UK,2023-04-11,2024-01-04,Standard
U11539,FR,2020-02-19,2022-12-16,Basic
U11540,FR,2022-11-18,,Basic
U11541,FR,2023-04-27,,Standard
U11542,JP,2023-04-04,2023-06-05,Standard
U11543,IN,2024-10-02,,Standard
U11544,AU,2024-02-07,2024-09-17,Basic
U11545,MX,2024-03-01,,Standard
U11546,DE,2024-07-20,,Basic
U11547,UK,2021-12-06,,Premium
U11548,AU,2022-12-29,2023-10-25,Premium
U11549,CA,2023-06-21,2024-05-26,Premium
U11550,MX,2021-04-01,,Standard
U11551,DE,2020-07-27,,Premium
U11552,MX,2024-11-14,2024-11-23,Basic
U11553,CA,2022-07-08,,Standard
U11554,CA,2021-04-11,2021-09-09,Standard
U11555,CA,2024-05-15,,Premium
U11556,IN,2023-04-28,,Standard
U11557,JP,2021-08-29,,Standard
U11558,IN,2024-08-18,,Premium
U11559,AU,2021-09-25,,Basic
U11560,CA,2022-05-29,,Standard
U11561,AU,2020-09-01,,Standard
U11562,AU,2024-01-10,,Standard
U11563,US,2020-09-06,2024-02-22,Standard
U11564,US,2023-01-02,,Basic
U11565,IN,2022-06-29,,standard
U11566,DE,2023-04-03,2023-09-16,Premium
U11567,US,2020-06-26,,Premium
U11568,AU,2024-02-21,,Basic
U11569,CA,2020-08-02,,Basic
U11570,UK,2023-06-02,,Premium
U11571,UK,2023-09-24,,Basic
U11572,BR,2024-03-30,,Premium
U11573,BR,2024-03-24,,Premium
U11574,JP,2024-03-26,,Premium
U11575,JP,2023-09-23,,Premium
U11576,DE,2023-02-04,,Basic
U11577,FR,2020-12-18,2024-06-13,Premium
U11578,MX,2022-05-04,,Standard
U11579,,2023-06-14,,standard
U11580,FR,2024-06-15,,Basic
U11581,BR,2024-11-30,,Premium
U11582,DE,2022-06-26,2023-07-15,Standard
U11583,CA,2022-06-23,,Basic
U11584,MX,2023-10-21,,Standard
U11585,US,2020-05-30,2022-06-04,Basic
U11586,MX,2022-05-30,,Basic
U11587,UK,2020-08-13,,Basic
U11588,JP,2020-08-29,,Standard
U11589,,2021-10-02,,Standard
U11590,FR,2022-06-18,,Basic
U11591,BR,2023-02-05,,Basic
U11592,US,2022-03-24,2023-09-18,Basic
U11593,UK,2020-05-22,2020-07-18,Premium
U11594,MX,2024-03-29,,Basic
U11595,UK,2022-09-17,2023-09-08,Premium
U11596,US,2022-06-10,,Premium
U11597,MX,2024-08-16,,Standard
U11598,CA,2021-04-20,,Premium
U11599,AU,2024-12-17,,Premium
U11600,FR,2022-11-28,,Basic
U11601,US,2020-12-13,,Premium
U11602,FR,2022-01-26,,Standard
U11603,,2024-11-29,2025-01-09,Premium
U11604,IN,2020-12-17,,Basic
U11605,JP,2021-09-21,,Standard
U11606,JP,2022-11-07,,standard
U11607,FR,2020-05-21,2021-05-03,Basic
U11608,CA,2023-03-14,,Standard
U11609,US,2021-09-24,,Standard
U11610,AU,2024-10-17,,Basic
U11611,IN,2021-01-29,,Basic
U11612,FR,2020-03-07,,Standard
U11613,UK,2023-10-19,,Standard
U11614,FR,2024-04-16,,Premium
U11615,CA,2021-03-23,,Basic
U11616,MX,2024-01-27,,Standard
U11617,CA,2023-07-12,,Basic
U11618,US,2020-03-29,2020-11-28,Premium
U11619,BR,2023-04-13,,Standard
U11620,AU,2022-03-17,,Premium
U11621,MX,2022-09-28,,Premium
U11622,UK,2020-12-02,,Basic
U11623,UK,2020-11-04,,Standard
U11624,DE,2020-05-16,,Premium
U11625,BR,2023-11-07,,Basic
U11626,FR,2020-04-25,,Standard
U11627,DE,2020-05-11,,Standard
U11628,AU,2024-02-04,,Basic
U11629,BR,2023-10-16,,Basic
U11630,US,2021-06-13,,Premium
U11631,FR,2022-02-12,,Premium
U11632,CA,2021-11-13,,Standard
U11633,DE,2023-08-22,,Standard
U11634,CA,2020-10-13,,basic
U11635,FR,2021-11-26,,Standard
U11636,AU,2022-03-16,,Premium
U11637,US,2024-02-23,,Premium
U11638,DE,2022-07-30,,Premium
U11639,MX,2020-10-10,,Basic
U11640,,2024-11-18,,Standard
U11641,AU,2024-03-07,,Premium
U11642,FR,2020-07-13,2024-08-11,Standard
U11643,BR,2024-11-20,,Basic
U11644,JP,2022-12-30,,Basic
U11645,FR,2021-11-10,2022-02-13,Standard
U11646,DE,2020-09-23,2021-07-31,Standard
U11647,UK,2021-01-17,,Premium
U11648,MX,2024-12-11,,Premium
U11649,US,2021-05-12,,Standard
U11650,FR,2020-01-29,,Standard
U11651,AU,2021-05-27,2021-06-29,Premium
U11652,CA,2022-03-19,,Premium
U11653,JP,2024-09-27,,Standard
U11654,AU,2021-08-01,2024-04-05,Basic
U11655,AU,2024-07-16,,Standard
U11656,CA,2020-09-06,,Basic
U11657,BR,2021-12-11,,Premium
U11658,US,2022-01-26,,Basic
U11659,IN,2021-06-27,2024-05-10,Basic
U11660,BR,2020-09-26,,Standard
U11661,DE,2022-04-01,,Basic
U11662,IN,2022-10-29,,Premium
U11663,IN,2020-05-18,,Standard
U11664,BR,2021-10-19,,Basic
U11665,CA,2024-11-23,,Standard
U11666,FR,2023-09-07,,Premium
U11667,UK,2021-02-05,,Basic
U11668,IN,2024-04-19,,Premium
U11669,MX,2023-09-18,2024-11-09,Standard
U11670,UK,2022-01-11,,Premium
U11671,FR,2023-08-14,,Premium
U11672,UK,2022-02-13,,Basic
U11673,IN,2021-06-21,,Basic
U11674,JP,2021-05-07,,Standard
U11675,,2023-09-12,,Premium
U11676,MX,2023-02-24,,Standard
U11677,US,2024-02-18,,Premium
U11678,IN,2023-08-30,,Basic
U11679,IN,2021-08-12,2021-11-27,Premium
U11680,DE,2022-03-28,,Standard
U11681,AU,2024-08-16,,Basic
U11682,UK,2022-08-19,,Standard
U11683,FR,2020-01-26,,Basic
U11684,IN,2023-01-26,,Standard
U11685,IN,2024-09-28,,Basic
U11686,DE,2023-05-06,,Standard
U11687,IN,2020-12-11,,Standard
U11688,JP,2024-09-23,2024-12-03,premium
U11689,US,2020-08-25,,Basic
U11690,FR,2023-03-24,,Premium
U11691,US,2024-12-09,,Premium
U11692,IN,2020-02-09,,Premium
U11693,UK,2022-10-28,,Premium
U11694,FR,2020-06-04,,Premium
U11695,AU,2020-05-10,,Standard
U11696,JP,2022-11-22,,Premium
U11697,BR,2022-09-04,,Basic
U11698,DE,2021-11-24,,Standard
U11699,AU,2024-09-20,2024-10-09,Premium
U11700,FR,2021-08-21,,Standard
U11701,AU,2023-09-18,,Premium
U11702,CA,2020-03-31,,Standard
U11703,DE,2023-06-06,,Premium
U11704,DE,2024-08-27,2024-11-12,Basic
U11705,BR,2023-01-03,,Basic
U11706,CA,2022-04-26,,Standard
U11707,DE,2020-08-10,,Standard
U11708,IN,2024-11-05,,Basic
U11709,UK,2021-10-28,,Premium
U11710,FR,2023-02-28,,Standard
U11711,MX,2023-10-13,,Standard
U11712,AU,2023-02-22,,Premium
U11713,DE,2023-03-05,,Basic
U11714,US,2020-07-06,,Standard
U11715,MX,2021-11-29,,Premium
U11716,UK,2020-12-03,,Basic
U11717,,2020-07-30,2022-01-07,Basic
U11718,UK,2021-04-27,,Basic
U11719,FR,2022-08-22,,Basic
U11720,BR,2020-05-08,2024-01-25,Premium
U11721,BR,2023-04-01,2023-06-28,Standard
U11722,CA,2023-06-27,,Standard
U11723,IN,2023-02-05,,Basic
U11724,JP,2021-02-06,,Premium
U11725,US,2020-12-02,,Standard
U11726,AU,2021-04-03,,Standard
U11727,IN,2021-12-22,2024-09-17,Basic
U11728,FR,2021-10-19,2022-09-03,Standard
U11729,,2021-11-21,2023-08-08,Premium
U11730,CA,2023-07-12,,Basic
U11731,BR,2022-03-08,,Premium
U11732,UK,2022-06-21,,Premium
U11733,AU,2024-07-09,,Standard
U11734,JP,2022-10-29,2023-11-02,Standard
U11735,FR,2022-04-08,,Standard
U11736,,2023-10-05,,Basic
U11737,BR,2022-09-28,,Premium
U11738,AU,2022-05-11,,Basic
U11739,CA,2023-09-22,2024-03-07,Premium
U11740,UK,2022-06-22,,Standard
U11741,JP,2021-10-22,,Premium
U11742,AU,2024-06-21,,premium
U11743,MX,2022-02-03,,Standard
U11744,AU,2021-03-12,,Premium
U11745,CA,2024-02-02,,Basic
U11746,US,2021-05-01,,Basic
U11747,AU,2020-08-12,,Standard
U11748,IN,2020-03-18,,Basic
U11749,,2021-11-25,,Premium
U11750,JP,2023-03-26,,premium
U11751,IN,2022-02-17,2023-02-24,Basic
U11752,CA,2024-08-21,,Basic
U11753,FR,2021-02-12,,Basic
U11754,JP,2022-03-24,,Standard
U11755,MX,2020-07-31,2024-11-06,Premium
U11756,MX,2022-02-21,2022-12-15,Basic
U11757,AU,2024-11-18,,Premium
U11758,CA,2023-08-12,,Standard
U11759,US,2020-07-15,,Standard
U11760,MX,2020-11-08,,Standard
U11761,MX,2021-09-24,,Premium
U11762,,2022-11-17,,Premium
U11763,CA,2022-12-27,,Standard
U11764,,2024-05-19,,Standard
U11765,,2021-04-29,,Premium
U11766,BR,2020-09-06,,Premium
U11767,MX,2021-03-26,2023-07-14,Basic
U11768,JP,2024-01-11,,Premium
U11769,UK,2020-07-03,2022-06-21,Standard
U11770,AU,2020-08-30,2024-09-07,Standard
U11771,IN,2021-08-09,2024-10-28,Basic
U11772,FR,2024-05-11,,Premium
U11773,FR,2022-07-01,,Premium
U11774,FR,2021-03-21,,Basic
U11775,DE,2021-02-17,,Basic
U11776,IN,2021-03-28,,Standard
U11777,DE,2020-10-08,,Basic
U11778,,2021-02-05,,Standard
U11779,JP,2021-08-15,,Premium
U11780,IN,2021-07-16,,Premium
U11781,AU,2021-01-22,,Premium
U11782,JP,2023-01-28,2024-08-17,Basic
U11783,MX,2023-08-11,2024-09-24,Standard
U11784,UK,2021-02-01,,Premium
U11785,UK,2023-08-14,,Basic
U11786,AU,2021-12-09,,Premium
U11787,DE,2023-11-02,,Premium
U11788,BR,2021-01-11,,Basic
U11789,US,2020-05-04,,Premium
U11790,CA,2023-10-28,,Premium
U11791,DE,2024-01-18,,Standard
U11792,BR,2022-06-17,2024-11-03,Premium
U11793,CA,2022-06-05,2022-09-18,Standard
U11794,AU,2021-09-19,,Premium
U11795,UK,2021-07-18,2023-11-28,Basic
U11796,CA,2024-05-06,2024-06-24,Premium
U11797,IN,2024-09-06,2024-09-06,Premium
U11798,JP,2020-10-17,,Standard
U11799,BR,2020-03-09,,Basic
U11800,FR,2021-12-15,,Standard
U11801,JP,2021-03-31,,Premium
U11802,JP,2023-10-14,,Basic
U11803,CA,2022-09-29,,Standard
U11804,FR,2024-01-09,,Standard
U11805,BR,2023-04-19,,Standard
U11806,US,2020-07-21,2021-12-03,Standard
U11807,CA,2024-02-05,,Standard
U11808,FR,2020-05-19,,Basic
U11809,UK,2022-05-21,,Standard
U11810,MX,2021-02-18,,Standard
U11811,,2021-07-04,,Premium
U11812,US,2021-09-10,,Standard
U11813,MX,2023-08-29,,Premium
U11814,US,2023-03-15,,Basic
U11815,JP,2020-09-12,2022-09-22,Standard
U11816,FR,2023-11-04,2024-12-15,Basic
U11817,MX,2024-02-27,,Basic
U11818,CA,2024-02-08,,Basic
U11819,DE,2023-12-08,,Premium
U11820,AU,2024-10-14,,Premium
U11821,JP,2022-09-02,,Basic
U11822,IN,2022-03-30,2022-06-07,Premium
U11823,JP,2023-12-15,,Basic
U11824,JP,2021-10-21,,Premium
U11825,AU,2024-02-13,2024-10-23,Basic
U11826,IN,2022-12-05,2024-09-12,Standard
U11827,US,2024-12-25,,Premium
U11828,CA,2020-01-27,,Standard
U11829,FR,2021-05-24,,Premium
U11830,US,2024-09-14,,Basic
U11831,,2020-04-07,2022-02-27,Basic
U11832,AU,2022-10-13,,Premium
U11833,IN,2020-01-25,,Standard
U11834,IN,2021-02-04,,Premium
U11835,MX,2020-01-06,,Standard
U11836,BR,2024-09-13,,Standard
U11837,DE,2021-08-16,,Basic
U11838,IN,2022-08-17,,Standard
U11839,BR,2024-10-18,,Premium
U11840,FR,2024-10-01,,Premium
U11841,FR,2020-05-26,,Premium
U11842,AU,2023-06-28,,Basic
U11843,CA,2022-06-20,,Standard
U11844,FR,2022-01-24,,Standard
U11845,US,2022-05-03,,basic
U11846,BR,2021-06-01,,Standard
U11847,DE,2020-04-22,2023-10-26,Premium
U11848,UK,2022-12-12,,Premium
U11849,JP,2023-06-04,2024-12-05,Standard
U11850,DE,2024-03-28,,Premium
U11851,JP,2022-02-22,,Standard
U11852,US,2022-12-27,,Basic
U11853,CA,2022-07-31,,Standard
U11854,CA,2023-05-20,,Premium
U11855,UK,2021-02-09,,Premium
U11856,BR,2021-09-06,,Basic
U11857,UK,2021-03-03,2024-06-09,Basic
U11858,JP,2021-04-02,,Standard
U11859,MX,2021-05-18,,Premium
U11860,US,2021-10-19,,Standard
U11861,US,2022-03-17,,Basic
U11862,US,2021-11-14,,Premium
U11863,IN,2020-02-21,2021-10-26,Premium
U11864,US,2022-10-25,,Standard
U11865,FR,2021-09-08,2024-02-14,Basic
U11866,CA,2024-10-23,,Premium
U11867,FR,2020-02-14,2024-02-04,Standard
U11868,UK,2022-05-07,,Standard
U11869,FR,2020-05-13,2023-05-01,Standard
U11870,US,2023-03-08,,Standard
U11871,MX,2020-12-09,,Basic
U11872,FR,2022-10-01,,Premium
U11873,FR,2021-10-25,,Basic
U11874,,2024-09-03,,Standard
U11875,BR,2020-08-06,,Basic
U11876,UK,2023-12-24,,Basic
U11877,IN,2024-02-11,,Basic
U11878,CA,2023-01-26,,Basic
U11879,,2024-09-21,2024-11-29,Premium
U11880,AU,2022-09-24,,Basic
U11881,JP,2022-11-04,2025-01-27,Standard
U11882,CA,2021-10-26,,Standard
U11883,US,2022-03-22,2024-08-10,Standard
U11884,MX,2024-09-03,2024-09-03,Standard
U11885,DE,2022-04-12,,Standard
U11886,FR,2024-11-11,,Basic
U11887,CA,2022-06-09,,Standard
U11888,FR,2023-03-24,2024-02-24,Premium
U11889,US,2022-05-22,,Basic
U11890,JP,2020-08-07,2021-08-13,premium
U11891,US,2024-02-06,2024-07-13,Basic
U11892,AU,2024-09-24,,Premium
U11893,CA,2023-08-10,,Basic
U11894,BR,2021-12-11,,Basic
U11895,FR,2023-02-19,2024-02-09,Basic
U11896,JP,2020-11-08,,Standard
U11897,CA,2023-01-07,,Standard
U11898,CA,2023-09-20,,Premium
U11899,DE,2022-11-25,,Standard
U11900,IN,2024-05-06,,Premium
U11901,AU,2023-01-04,,Premium
U11902,DE,2020-04-30,,Premium
U11903,CA,2021-04-13,,Basic
U11904,DE,2024-10-23,,Basic
U11905,AU,2023-06-27,,Premium
U11906,BR,2022-10-22,,Standard
U11907,UK,2023-06-24,,Premium
U11908,FR,2023-02-10,,Premium
U11909,FR,2021-08-07,,Basic
U11910,AU,2021-10-17,,Basic
U11911,FR,2020-11-04,,Standard
U11912,IN,2023-11-19,2024-03-06,Basic
U11913,IN,2022-10-08,2023-07-06,Premium
U11914,US,2024-06-25,,Standard
U11915,BR,2022-09-03,,Basic
U11916,IN,2023-07-19,,Premium
U11917,US,2024-07-15,,Premium
U11918,BR,2022-11-27,,Premium
U11919,DE,2021-01-16,2024-01-03,Basic
U11920,CA,2024-03-09,2024-09-24,Premium
U11921,US,2024-08-17,,Premium
U11922,BR,2022-04-30,,Basic
U11923,UK,2023-04-02,,Basic
U11924,UK,2022-06-22,,Premium
U11925,BR,2021-02-07,,Premium
U11926,BR,2021-10-23,,Basic
U11927,FR,2020-02-06,,Standard
U11928,CA,2024-09-11,,Premium
U11929,,2020-07-02,2023-05-09,Basic
U11930,AU,2020-11-20,,Standard
U11931,AU,2024-06-09,,Premium
U11932,US,2020-09-21,2023-04-17,Basic
U11933,CA,2021-09-13,,Basic
U11934,JP,2021-07-17,2022-11-06,Standard
U11935,BR,2022-10-08,,Premium
U11936,DE,2023-07-02,,Premium
U11937,BR,2023-01-30,,Basic
U11938,AU,2021-04-11,,Premium
U11939,CA,2021-05-26,,Premium
U11940,US,2020-02-23,,Standard
U11941,JP,2024-01-23,,Basic
U11942,FR,2022-08-02,,Standard
U11943,AU,2020-06-24,,Premium
U11944,UK,2020-04-26,,Standard
U11945,,2021-04-30,,Standard
U11946,US,2022-08-06,,Premium
U11947,CA,2024-05-17,,Standard
U11948,UK,2021-12-13,2023-11-17,Premium
U11949,AU,2020-03-25,,Premium
U11950,IN,2021-01-01,2023-02-04,Premium
U11951,DE,2020-12-11,,Standard
U11952,AU,2021-03-30,2023-06-30,Premium
U11953,MX,2024-03-09,,Premium
U11954,US,2021-11-01,2024-01-10,standard
U11955,UK,2024-05-01,,Standard
U11956,AU,2024-09-11,,Standard
U11957,MX,2022-04-09,,Premium
U11958,DE,2024-07-20,,Standard
U11959,BR,2022-11-06,,Standard
U11960,US,2020-11-25,,Basic
U11961,IN,2021-06-05,2024-06-14,Standard
U11962,DE,2024-12-27,,Basic
U11963,US,2022-07-06,2022-12-29,Basic
U11964,FR,2024-04-17,,Premium
U11965,DE,2023-05-20,,Standard
U11966,DE,2023-04-28,2024-12-14,Standard
U11967,FR,2021-06-26,,Basic
U11968,IN,2020-07-31,,Premium
U11969,MX,2023-02-16,,Premium
U11970,AU,2023-06-21,2024-09-16,Basic
U11971,FR,2023-06-15,,Basic
U11972,CA,2021-07-29,,Basic
U11973,IN,2022-11-11,,Premium
U11974,CA,2024-12-29,,Standard
U11975,BR,2023-06-15,2025-01-14,Standard
U11976,UK,2022-12-15,2024-11-11,Basic
U11977,US,2023-09-11,,Premium
U11978,DE,2020-07-12,,Premium
U11979,IN,2020-10-16,,Basic
U11980,IN,2020-12-24,,Basic
U11981,MX,2022-07-05,,Standard
U11982,DE,2024-04-13,2024-09-13,Basic
U11983,,2021-11-26,,Premium
U11984,,2023-09-23,,Basic
U11985,UK,2020-09-20,,Premium
U11986,MX,2022-07-17,,Premium
U11987,CA,2020-09-20,,Premium
U11988,US,2024-07-25,,Premium
U11989,IN,2021-08-02,,Premium
U11990,UK,2020-05-07,,Standard
U11991,,2020-02-04,,premium
U11992,CA,2023-09-23,,Standard
U11993,JP,2024-04-16,,Standard
U11994,UK,2024-04-15,,Standard
U11995,FR,2022-01-17,,Basic
U11996,BR,2024-03-26,,Premium
U11997,CA,2022-12-01,,Basic
U11998,CA,2020-10-30,,Basic
U11999,FR,2023-08-02,,Basic
U12000,CA,2024-10-16,,Premium
U12001,BR,2024-10-15,,Premium
U12002,US,2021-12-25,,standard
U12003,BR,2023-12-01,,Premium
U12004,,2022-11-12,,Premium
U12005,AU,2021-04-21,,Premium
U12006,UK,2022-03-17,,Basic
U12007,CA,2022-07-11,,Basic
U12008,UK,2022-12-09,,standard
U12009,CA,2023-06-19,,Premium
U12010,BR,2022-04-18,2022-08-24,Basic
U12011,BR,2020-08-23,,Basic
U12012,DE,2023-08-26,,Standard
U12013,IN,2022-09-08,,Premium
U12014,BR,2021-02-28,,Premium
U12015,CA,2024-03-07,,Standard
U12016,CA,2022-07-22,2023-11-27,Basic
U12017,DE,2021-10-07,,Basic
U12018,DE,2020-04-26,,Basic
U12019,,2020-06-05,,Premium
U12020,BR,2020-04-08,,premium
U12021,FR,2022-02-21,,Standard
U12022,US,2022-05-21,,Basic
U12023,DE,2021-09-10,2022-10-04,Standard
U12024,MX,2022-03-13,,Standard
U12025,DE,2024-07-25,2024-09-20,Premium
U12026,JP,2021-06-01,,Premium
U12027,JP,2023-04-28,2023-11-04,Basic
U12028,US,2023-12-01,2024-06-05,Basic
U12029,BR,2020-07-29,,Standard
U12030,UK,2023-08-13,,Basic
U12031,MX,2022-08-08,,Premium
U12032,FR,2021-11-18,,Basic
U12033,US,2022-02-09,,Premium
U12034,US,2023-06-08,,Premium
U12035,DE,2024-05-14,,Basic
U12036,BR,2021-11-25,,Standard
U12037,US,2021-03-26,,Basic
U12038,,2020-10-30,,Basic
U12039,US,2022-06-06,,Standard
U12040,CA,2020-11-18,,Standard
U12041,AU,2024-06-10,,Standard
U12042,MX,2021-07-17,,basic
U12043,MX,2021-11-02,,Basic
U12044,CA,2021-04-09,,Standard
U12045,US,2021-02-20,,Standard
U12046,CA,2023-12-08,,Standard
U12047,IN,2022-10-21,,Basic
U12048,IN,2022-03-20,,Premium
U12049,FR,2021-07-04,,standard
U12050,MX,2021-05-19,,Standard
U12051,AU,2020-05-24,,Premium
U12052,AU,2024-01-27,,Premium
U12053,AU,2023-10-16,,Premium
U12054,JP,2023-04-21,,Basic
U12055,JP,2023-12-02,,Premium
U12056,MX,2022-10-21,,Premium
U12057,CA,2023-07-18,,Premium
U12058,AU,2020-07-27,,Standard
U12059,UK,2024-03-31,,Premium
U10801,US,2021-10-20,,Premium
U10163,IN,2024-12-17,2024-12-22,Basic
U10958,JP,2020-01-08,,Basic
U11532,CA,2024-09-07,2024-11-02,Premium
U10152,AU,2023-04-01,,Basic
U11016,FR,2020-10-29,,Basic
U11611,IN,2021-01-29,,Basic
U11713,DE,2023-03-05,,Basic
U11823,JP,2023-12-15,,Basic
U12048,IN,2022-03-20,,Premium
U10302,CA,2024-02-23,,Premium
U11636,AU,2022-03-16,,Premium
U10125,UK,2021-05-08,2023-10-02,Premium
U10023,FR,2024-03-16,,Standard
U12006,UK,2022-03-17,,Basic
U11989,IN,2021-08-02,,Premium
U11394,DE,2021-01-31,,Basic
U11336,JP,2024-09-01,,Standard
U10793,BR,2023-11-13,,Standard
U11492,UK,2021-06-12,,Standard
U10505,MX,2023-10-01,,Standard
